-- Seed data for local development
-- Run with: supabase db reset
-- Login: test@budgetbrain.com (use OTP from Mailpit at http://127.0.0.1:54324)
-- Second user: spouse@budgetbrain.com

-- ============================================================
-- Auth users
-- ============================================================

INSERT INTO auth.users (id, instance_id, aud, role, email, encrypted_password, email_confirmed_at, raw_app_meta_data, raw_user_meta_data, created_at, updated_at, confirmation_token, recovery_token, email_change, email_change_token_new, email_change_token_current, phone, phone_change, phone_change_token, reauthentication_token, is_sso_user, is_anonymous) VALUES
  ('a1b2c3d4-e5f6-7890-abcd-ef1234567890', '00000000-0000-0000-0000-000000000000', 'authenticated', 'authenticated', 'test@budgetbrain.com', extensions.crypt('password123', extensions.gen_salt('bf')), now(), '{"provider": "email", "providers": ["email"]}', '{}', now(), now(), '', '', '', '', '', NULL, '', '', '', false, false),
  ('b2c3d4e5-f6a7-8901-bcde-f12345678901', '00000000-0000-0000-0000-000000000000', 'authenticated', 'authenticated', 'spouse@budgetbrain.com', extensions.crypt('password123', extensions.gen_salt('bf')), now(), '{"provider": "email", "providers": ["email"]}', '{}', now(), now(), '', '', '', '', '', NULL, '', '', '', false, false);

INSERT INTO auth.identities (id, user_id, provider_id, identity_data, provider, last_sign_in_at, created_at, updated_at) VALUES
  ('a1b2c3d4-e5f6-7890-abcd-ef1234567890', 'a1b2c3d4-e5f6-7890-abcd-ef1234567890', 'a1b2c3d4-e5f6-7890-abcd-ef1234567890', jsonb_build_object('sub', 'a1b2c3d4-e5f6-7890-abcd-ef1234567890', 'email', 'test@budgetbrain.com'), 'email', now(), now(), now()),
  ('b2c3d4e5-f6a7-8901-bcde-f12345678901', 'b2c3d4e5-f6a7-8901-bcde-f12345678901', 'b2c3d4e5-f6a7-8901-bcde-f12345678901', jsonb_build_object('sub', 'b2c3d4e5-f6a7-8901-bcde-f12345678901', 'email', 'spouse@budgetbrain.com'), 'email', now(), now(), now());

-- ============================================================
-- Household
-- ============================================================

INSERT INTO public.household (id, name) VALUES
  ('aa000000-0000-0000-0000-000000000001', 'The Kelleys');

-- ============================================================
-- Users (public profiles)
-- ============================================================

INSERT INTO public.users (id, first_name, last_name, email, household_id, avatar_emoji) VALUES
  ('a1b2c3d4-e5f6-7890-abcd-ef1234567890', 'Dustin', 'Kelley', 'test@budgetbrain.com', 'aa000000-0000-0000-0000-000000000001', '🧠'),
  ('b2c3d4e5-f6a7-8901-bcde-f12345678901', 'Sarah', 'Kelley', 'spouse@budgetbrain.com', 'aa000000-0000-0000-0000-000000000001', '💜');

-- ============================================================
-- Income (March 2026)
-- ============================================================

INSERT INTO public.income (id, created_by, month, year, amount, name, household_id) VALUES
  ('bb000000-0000-0000-0000-000000000001', 'a1b2c3d4-e5f6-7890-abcd-ef1234567890', 3, 2026, 5500, 'Dustin Salary', 'aa000000-0000-0000-0000-000000000001'),
  ('bb000000-0000-0000-0000-000000000002', 'b2c3d4e5-f6a7-8901-bcde-f12345678901', 3, 2026, 4200, 'Sarah Salary', 'aa000000-0000-0000-0000-000000000001'),
  ('bb000000-0000-0000-0000-000000000003', 'a1b2c3d4-e5f6-7890-abcd-ef1234567890', 3, 2026, 300, 'Side Hustle', 'aa000000-0000-0000-0000-000000000001');

-- ============================================================
-- Categories (March 2026)
-- ============================================================

INSERT INTO public.categories (id, household_id, name, month, year) VALUES
  ('cc000000-0000-0000-0000-000000000001', 'aa000000-0000-0000-0000-000000000001', 'Housing', 3, 2026),
  ('cc000000-0000-0000-0000-000000000002', 'aa000000-0000-0000-0000-000000000001', 'Transportation', 3, 2026),
  ('cc000000-0000-0000-0000-000000000003', 'aa000000-0000-0000-0000-000000000001', 'Groceries & Food', 3, 2026),
  ('cc000000-0000-0000-0000-000000000004', 'aa000000-0000-0000-0000-000000000001', 'Utilities', 3, 2026),
  ('cc000000-0000-0000-0000-000000000005', 'aa000000-0000-0000-0000-000000000001', 'Insurance', 3, 2026),
  ('cc000000-0000-0000-0000-000000000006', 'aa000000-0000-0000-0000-000000000001', 'Kids', 3, 2026),
  ('cc000000-0000-0000-0000-000000000007', 'aa000000-0000-0000-0000-000000000001', 'Personal', 3, 2026),
  ('cc000000-0000-0000-0000-000000000008', 'aa000000-0000-0000-0000-000000000001', 'Savings & Debt', 3, 2026),
  ('cc000000-0000-0000-0000-000000000009', 'aa000000-0000-0000-0000-000000000001', 'Entertainment', 3, 2026);

-- ============================================================
-- Line Items (March 2026)
-- ============================================================

-- Housing
INSERT INTO public.line_items (id, created_by, name, month, year, planned_amount, category_id) VALUES
  ('dd000000-0000-0000-0000-000000000001', 'a1b2c3d4-e5f6-7890-abcd-ef1234567890', 'Mortgage', 3, 2026, 1800, 'cc000000-0000-0000-0000-000000000001'),
  ('dd000000-0000-0000-0000-000000000002', 'a1b2c3d4-e5f6-7890-abcd-ef1234567890', 'HOA', 3, 2026, 150, 'cc000000-0000-0000-0000-000000000001'),
  ('dd000000-0000-0000-0000-000000000003', 'a1b2c3d4-e5f6-7890-abcd-ef1234567890', 'Home Maintenance', 3, 2026, 100, 'cc000000-0000-0000-0000-000000000001');

-- Transportation
INSERT INTO public.line_items (id, created_by, name, month, year, planned_amount, category_id) VALUES
  ('dd000000-0000-0000-0000-000000000004', 'a1b2c3d4-e5f6-7890-abcd-ef1234567890', 'Car Payment', 3, 2026, 450, 'cc000000-0000-0000-0000-000000000002'),
  ('dd000000-0000-0000-0000-000000000005', 'a1b2c3d4-e5f6-7890-abcd-ef1234567890', 'Gas', 3, 2026, 200, 'cc000000-0000-0000-0000-000000000002'),
  ('dd000000-0000-0000-0000-000000000006', 'a1b2c3d4-e5f6-7890-abcd-ef1234567890', 'Car Insurance', 3, 2026, 140, 'cc000000-0000-0000-0000-000000000002');

-- Groceries & Food
INSERT INTO public.line_items (id, created_by, name, month, year, planned_amount, category_id) VALUES
  ('dd000000-0000-0000-0000-000000000007', 'b2c3d4e5-f6a7-8901-bcde-f12345678901', 'Groceries', 3, 2026, 800, 'cc000000-0000-0000-0000-000000000003'),
  ('dd000000-0000-0000-0000-000000000008', 'b2c3d4e5-f6a7-8901-bcde-f12345678901', 'Dining Out', 3, 2026, 200, 'cc000000-0000-0000-0000-000000000003'),
  ('dd000000-0000-0000-0000-000000000009', 'b2c3d4e5-f6a7-8901-bcde-f12345678901', 'Coffee', 3, 2026, 50, 'cc000000-0000-0000-0000-000000000003');

-- Utilities
INSERT INTO public.line_items (id, created_by, name, month, year, planned_amount, category_id) VALUES
  ('dd000000-0000-0000-0000-000000000010', 'a1b2c3d4-e5f6-7890-abcd-ef1234567890', 'Electric', 3, 2026, 150, 'cc000000-0000-0000-0000-000000000004'),
  ('dd000000-0000-0000-0000-000000000011', 'a1b2c3d4-e5f6-7890-abcd-ef1234567890', 'Water', 3, 2026, 60, 'cc000000-0000-0000-0000-000000000004'),
  ('dd000000-0000-0000-0000-000000000012', 'a1b2c3d4-e5f6-7890-abcd-ef1234567890', 'Internet', 3, 2026, 70, 'cc000000-0000-0000-0000-000000000004'),
  ('dd000000-0000-0000-0000-000000000013', 'a1b2c3d4-e5f6-7890-abcd-ef1234567890', 'Phone', 3, 2026, 80, 'cc000000-0000-0000-0000-000000000004');

-- Insurance
INSERT INTO public.line_items (id, created_by, name, month, year, planned_amount, category_id) VALUES
  ('dd000000-0000-0000-0000-000000000014', 'a1b2c3d4-e5f6-7890-abcd-ef1234567890', 'Health Insurance', 3, 2026, 400, 'cc000000-0000-0000-0000-000000000005'),
  ('dd000000-0000-0000-0000-000000000015', 'a1b2c3d4-e5f6-7890-abcd-ef1234567890', 'Life Insurance', 3, 2026, 50, 'cc000000-0000-0000-0000-000000000005');

-- Kids
INSERT INTO public.line_items (id, created_by, name, month, year, planned_amount, category_id) VALUES
  ('dd000000-0000-0000-0000-000000000016', 'b2c3d4e5-f6a7-8901-bcde-f12345678901', 'Daycare', 3, 2026, 1200, 'cc000000-0000-0000-0000-000000000006'),
  ('dd000000-0000-0000-0000-000000000017', 'b2c3d4e5-f6a7-8901-bcde-f12345678901', 'Diapers & Supplies', 3, 2026, 100, 'cc000000-0000-0000-0000-000000000006'),
  ('dd000000-0000-0000-0000-000000000018', 'b2c3d4e5-f6a7-8901-bcde-f12345678901', 'Kids Activities', 3, 2026, 75, 'cc000000-0000-0000-0000-000000000006');

-- Personal
INSERT INTO public.line_items (id, created_by, name, month, year, planned_amount, category_id) VALUES
  ('dd000000-0000-0000-0000-000000000019', 'a1b2c3d4-e5f6-7890-abcd-ef1234567890', 'Dustin Fun Money', 3, 2026, 100, 'cc000000-0000-0000-0000-000000000007'),
  ('dd000000-0000-0000-0000-000000000020', 'b2c3d4e5-f6a7-8901-bcde-f12345678901', 'Sarah Fun Money', 3, 2026, 100, 'cc000000-0000-0000-0000-000000000007'),
  ('dd000000-0000-0000-0000-000000000021', 'a1b2c3d4-e5f6-7890-abcd-ef1234567890', 'Haircuts', 3, 2026, 50, 'cc000000-0000-0000-0000-000000000007'),
  ('dd000000-0000-0000-0000-000000000022', 'b2c3d4e5-f6a7-8901-bcde-f12345678901', 'Clothing', 3, 2026, 75, 'cc000000-0000-0000-0000-000000000007');

-- Savings & Debt
INSERT INTO public.line_items (id, created_by, name, month, year, planned_amount, category_id) VALUES
  ('dd000000-0000-0000-0000-000000000023', 'a1b2c3d4-e5f6-7890-abcd-ef1234567890', 'Emergency Fund', 3, 2026, 500, 'cc000000-0000-0000-0000-000000000008'),
  ('dd000000-0000-0000-0000-000000000024', 'a1b2c3d4-e5f6-7890-abcd-ef1234567890', 'Student Loans', 3, 2026, 300, 'cc000000-0000-0000-0000-000000000008'),
  ('dd000000-0000-0000-0000-000000000025', 'a1b2c3d4-e5f6-7890-abcd-ef1234567890', 'Retirement (401k)', 3, 2026, 400, 'cc000000-0000-0000-0000-000000000008');

-- Entertainment
INSERT INTO public.line_items (id, created_by, name, month, year, planned_amount, category_id) VALUES
  ('dd000000-0000-0000-0000-000000000026', 'a1b2c3d4-e5f6-7890-abcd-ef1234567890', 'Streaming Services', 3, 2026, 45, 'cc000000-0000-0000-0000-000000000009'),
  ('dd000000-0000-0000-0000-000000000027', 'b2c3d4e5-f6a7-8901-bcde-f12345678901', 'Date Night', 3, 2026, 100, 'cc000000-0000-0000-0000-000000000009'),
  ('dd000000-0000-0000-0000-000000000028', 'a1b2c3d4-e5f6-7890-abcd-ef1234567890', 'Family Outing', 3, 2026, 75, 'cc000000-0000-0000-0000-000000000009');

-- ============================================================
-- Transactions (March 2026)
-- ============================================================

INSERT INTO public.transactions (id, created_by, household_id, line_item_id, month, year, description, amount, type, date) VALUES
  -- Housing
  ('ee000000-0000-0000-0000-000000000001', 'a1b2c3d4-e5f6-7890-abcd-ef1234567890', 'aa000000-0000-0000-0000-000000000001', 'dd000000-0000-0000-0000-000000000001', 3, 2026, 'March mortgage payment', 1800, 'expense', '2026-03-01T00:00:00Z'),
  ('ee000000-0000-0000-0000-000000000002', 'a1b2c3d4-e5f6-7890-abcd-ef1234567890', 'aa000000-0000-0000-0000-000000000001', 'dd000000-0000-0000-0000-000000000002', 3, 2026, 'HOA dues', 150, 'expense', '2026-03-01T00:00:00Z'),

  -- Transportation
  ('ee000000-0000-0000-0000-000000000003', 'a1b2c3d4-e5f6-7890-abcd-ef1234567890', 'aa000000-0000-0000-0000-000000000001', 'dd000000-0000-0000-0000-000000000004', 3, 2026, 'Car payment', 450, 'expense', '2026-03-01T00:00:00Z'),
  ('ee000000-0000-0000-0000-000000000004', 'b2c3d4e5-f6a7-8901-bcde-f12345678901', 'aa000000-0000-0000-0000-000000000001', 'dd000000-0000-0000-0000-000000000005', 3, 2026, 'Shell gas station', 52.40, 'expense', '2026-03-03T00:00:00Z'),
  ('ee000000-0000-0000-0000-000000000005', 'a1b2c3d4-e5f6-7890-abcd-ef1234567890', 'aa000000-0000-0000-0000-000000000001', 'dd000000-0000-0000-0000-000000000005', 3, 2026, 'Costco gas', 48.15, 'expense', '2026-03-10T00:00:00Z'),
  ('ee000000-0000-0000-0000-000000000006', 'a1b2c3d4-e5f6-7890-abcd-ef1234567890', 'aa000000-0000-0000-0000-000000000001', 'dd000000-0000-0000-0000-000000000006', 3, 2026, 'Progressive auto insurance', 140, 'expense', '2026-03-15T00:00:00Z'),

  -- Groceries & Food
  ('ee000000-0000-0000-0000-000000000007', 'b2c3d4e5-f6a7-8901-bcde-f12345678901', 'aa000000-0000-0000-0000-000000000001', 'dd000000-0000-0000-0000-000000000007', 3, 2026, 'Costco weekly haul', 215.30, 'expense', '2026-03-02T00:00:00Z'),
  ('ee000000-0000-0000-0000-000000000008', 'b2c3d4e5-f6a7-8901-bcde-f12345678901', 'aa000000-0000-0000-0000-000000000001', 'dd000000-0000-0000-0000-000000000007', 3, 2026, 'HEB groceries', 142.85, 'expense', '2026-03-05T00:00:00Z'),
  ('ee000000-0000-0000-0000-000000000009', 'b2c3d4e5-f6a7-8901-bcde-f12345678901', 'aa000000-0000-0000-0000-000000000001', 'dd000000-0000-0000-0000-000000000007', 3, 2026, 'Trader Joes', 89.50, 'expense', '2026-03-09T00:00:00Z'),
  ('ee000000-0000-0000-0000-000000000010', 'a1b2c3d4-e5f6-7890-abcd-ef1234567890', 'aa000000-0000-0000-0000-000000000001', 'dd000000-0000-0000-0000-000000000007', 3, 2026, 'Walmart quick trip', 67.20, 'expense', '2026-03-14T00:00:00Z'),
  ('ee000000-0000-0000-0000-000000000011', 'b2c3d4e5-f6a7-8901-bcde-f12345678901', 'aa000000-0000-0000-0000-000000000001', 'dd000000-0000-0000-0000-000000000008', 3, 2026, 'Chick-fil-A', 32.50, 'expense', '2026-03-04T00:00:00Z'),
  ('ee000000-0000-0000-0000-000000000012', 'a1b2c3d4-e5f6-7890-abcd-ef1234567890', 'aa000000-0000-0000-0000-000000000001', 'dd000000-0000-0000-0000-000000000008', 3, 2026, 'Chipotle', 24.75, 'expense', '2026-03-07T00:00:00Z'),
  ('ee000000-0000-0000-0000-000000000013', 'a1b2c3d4-e5f6-7890-abcd-ef1234567890', 'aa000000-0000-0000-0000-000000000001', 'dd000000-0000-0000-0000-000000000008', 3, 2026, 'Pizza night', 38.00, 'expense', '2026-03-12T00:00:00Z'),
  ('ee000000-0000-0000-0000-000000000014', 'a1b2c3d4-e5f6-7890-abcd-ef1234567890', 'aa000000-0000-0000-0000-000000000001', 'dd000000-0000-0000-0000-000000000009', 3, 2026, 'Starbucks', 6.50, 'expense', '2026-03-03T00:00:00Z'),
  ('ee000000-0000-0000-0000-000000000015', 'a1b2c3d4-e5f6-7890-abcd-ef1234567890', 'aa000000-0000-0000-0000-000000000001', 'dd000000-0000-0000-0000-000000000009', 3, 2026, 'Starbucks', 6.50, 'expense', '2026-03-06T00:00:00Z'),
  ('ee000000-0000-0000-0000-000000000016', 'b2c3d4e5-f6a7-8901-bcde-f12345678901', 'aa000000-0000-0000-0000-000000000001', 'dd000000-0000-0000-0000-000000000009', 3, 2026, 'Dutch Bros', 7.25, 'expense', '2026-03-11T00:00:00Z'),

  -- Utilities
  ('ee000000-0000-0000-0000-000000000017', 'a1b2c3d4-e5f6-7890-abcd-ef1234567890', 'aa000000-0000-0000-0000-000000000001', 'dd000000-0000-0000-0000-000000000010', 3, 2026, 'Electric bill', 138.45, 'expense', '2026-03-05T00:00:00Z'),
  ('ee000000-0000-0000-0000-000000000018', 'a1b2c3d4-e5f6-7890-abcd-ef1234567890', 'aa000000-0000-0000-0000-000000000001', 'dd000000-0000-0000-0000-000000000011', 3, 2026, 'Water bill', 55.20, 'expense', '2026-03-08T00:00:00Z'),
  ('ee000000-0000-0000-0000-000000000019', 'a1b2c3d4-e5f6-7890-abcd-ef1234567890', 'aa000000-0000-0000-0000-000000000001', 'dd000000-0000-0000-0000-000000000012', 3, 2026, 'AT&T Fiber', 70, 'expense', '2026-03-10T00:00:00Z'),
  ('ee000000-0000-0000-0000-000000000020', 'a1b2c3d4-e5f6-7890-abcd-ef1234567890', 'aa000000-0000-0000-0000-000000000001', 'dd000000-0000-0000-0000-000000000013', 3, 2026, 'T-Mobile family plan', 80, 'expense', '2026-03-12T00:00:00Z'),

  -- Insurance
  ('ee000000-0000-0000-0000-000000000021', 'a1b2c3d4-e5f6-7890-abcd-ef1234567890', 'aa000000-0000-0000-0000-000000000001', 'dd000000-0000-0000-0000-000000000014', 3, 2026, 'Blue Cross health premium', 400, 'expense', '2026-03-01T00:00:00Z'),
  ('ee000000-0000-0000-0000-000000000022', 'a1b2c3d4-e5f6-7890-abcd-ef1234567890', 'aa000000-0000-0000-0000-000000000001', 'dd000000-0000-0000-0000-000000000015', 3, 2026, 'Term life insurance', 50, 'expense', '2026-03-01T00:00:00Z'),

  -- Kids
  ('ee000000-0000-0000-0000-000000000023', 'b2c3d4e5-f6a7-8901-bcde-f12345678901', 'aa000000-0000-0000-0000-000000000001', 'dd000000-0000-0000-0000-000000000016', 3, 2026, 'Daycare March', 1200, 'expense', '2026-03-01T00:00:00Z'),
  ('ee000000-0000-0000-0000-000000000024', 'b2c3d4e5-f6a7-8901-bcde-f12345678901', 'aa000000-0000-0000-0000-000000000001', 'dd000000-0000-0000-0000-000000000017', 3, 2026, 'Target - diapers & wipes', 54.30, 'expense', '2026-03-06T00:00:00Z'),
  ('ee000000-0000-0000-0000-000000000025', 'b2c3d4e5-f6a7-8901-bcde-f12345678901', 'aa000000-0000-0000-0000-000000000001', 'dd000000-0000-0000-0000-000000000017', 3, 2026, 'Amazon - baby supplies', 38.99, 'expense', '2026-03-13T00:00:00Z'),
  ('ee000000-0000-0000-0000-000000000026', 'b2c3d4e5-f6a7-8901-bcde-f12345678901', 'aa000000-0000-0000-0000-000000000001', 'dd000000-0000-0000-0000-000000000018', 3, 2026, 'Swimming lessons', 60, 'expense', '2026-03-08T00:00:00Z'),

  -- Personal
  ('ee000000-0000-0000-0000-000000000027', 'a1b2c3d4-e5f6-7890-abcd-ef1234567890', 'aa000000-0000-0000-0000-000000000001', 'dd000000-0000-0000-0000-000000000019', 3, 2026, 'New video game', 59.99, 'expense', '2026-03-07T00:00:00Z'),
  ('ee000000-0000-0000-0000-000000000028', 'b2c3d4e5-f6a7-8901-bcde-f12345678901', 'aa000000-0000-0000-0000-000000000001', 'dd000000-0000-0000-0000-000000000020', 3, 2026, 'Book from Barnes & Noble', 18.99, 'expense', '2026-03-09T00:00:00Z'),
  ('ee000000-0000-0000-0000-000000000029', 'a1b2c3d4-e5f6-7890-abcd-ef1234567890', 'aa000000-0000-0000-0000-000000000001', 'dd000000-0000-0000-0000-000000000021', 3, 2026, 'Dustin haircut', 30, 'expense', '2026-03-11T00:00:00Z'),
  ('ee000000-0000-0000-0000-000000000030', 'b2c3d4e5-f6a7-8901-bcde-f12345678901', 'aa000000-0000-0000-0000-000000000001', 'dd000000-0000-0000-0000-000000000022', 3, 2026, 'Old Navy kids clothes', 45.50, 'expense', '2026-03-14T00:00:00Z'),

  -- Savings & Debt
  ('ee000000-0000-0000-0000-000000000031', 'a1b2c3d4-e5f6-7890-abcd-ef1234567890', 'aa000000-0000-0000-0000-000000000001', 'dd000000-0000-0000-0000-000000000023', 3, 2026, 'Emergency fund transfer', 500, 'expense', '2026-03-01T00:00:00Z'),
  ('ee000000-0000-0000-0000-000000000032', 'a1b2c3d4-e5f6-7890-abcd-ef1234567890', 'aa000000-0000-0000-0000-000000000001', 'dd000000-0000-0000-0000-000000000024', 3, 2026, 'Student loan payment', 300, 'expense', '2026-03-15T00:00:00Z'),
  ('ee000000-0000-0000-0000-000000000033', 'a1b2c3d4-e5f6-7890-abcd-ef1234567890', 'aa000000-0000-0000-0000-000000000001', 'dd000000-0000-0000-0000-000000000025', 3, 2026, '401k contribution', 400, 'expense', '2026-03-15T00:00:00Z'),

  -- Entertainment
  ('ee000000-0000-0000-0000-000000000034', 'a1b2c3d4-e5f6-7890-abcd-ef1234567890', 'aa000000-0000-0000-0000-000000000001', 'dd000000-0000-0000-0000-000000000026', 3, 2026, 'Netflix + Disney+ + Spotify', 42.97, 'expense', '2026-03-01T00:00:00Z'),
  ('ee000000-0000-0000-0000-000000000035', 'b2c3d4e5-f6a7-8901-bcde-f12345678901', 'aa000000-0000-0000-0000-000000000001', 'dd000000-0000-0000-0000-000000000027', 3, 2026, 'Dinner at Olive Garden', 68.50, 'expense', '2026-03-08T00:00:00Z'),
  ('ee000000-0000-0000-0000-000000000036', 'a1b2c3d4-e5f6-7890-abcd-ef1234567890', 'aa000000-0000-0000-0000-000000000001', 'dd000000-0000-0000-0000-000000000028', 3, 2026, 'Zoo tickets', 55, 'expense', '2026-03-15T00:00:00Z');
